{"cameraMode":{"drawMode":0,"name":"Shaded","section":"Shading Mode"},"sceneLighting":true,"audioPlay":false,"sceneViewState":{"showFog":true,"showMaterialUpdate":false,"showSkybox":true,"showFlares":true,"showImageEffects":true,"showParticleSystems":true},"in2DMode":false,"pivot":{"x":-0.4894329309463501,"y":-1.329302430152893,"z":1.2301234006881714},"rotation":{"x":-0.00215425924398005,"y":-0.9756620526313782,"z":0.2193135768175125,"w":-0.009036632254719735},"size":10.0,"orthographic":false}