{"cameraMode":{"drawMode":0,"name":"Shaded","section":"Shading Mode"},"sceneLighting":true,"audioPlay":false,"sceneViewState":{"showFog":true,"showMaterialUpdate":false,"showSkybox":true,"showFlares":true,"showImageEffects":true,"showParticleSystems":true},"in2DMode":false,"pivot":{"x":0.25255078077316286,"y":-1.0317106246948243,"z":0.5502657294273377},"rotation":{"x":-0.0010381565662100912,"y":-0.9615432024002075,"z":0.27484139800071719,"w":-0.003124177223071456},"size":13.52611255645752,"orthographic":false}