{"cameraMode":{"drawMode":0,"name":"Shaded","section":"Shading Mode"},"sceneLighting":true,"audioPlay":false,"sceneViewState":{"showFog":true,"showMaterialUpdate":false,"showSkybox":true,"showFlares":true,"showImageEffects":true,"showParticleSystems":true},"in2DMode":false,"pivot":{"x":0.4178207516670227,"y":-5.279109954833984,"z":-14.876974105834961},"rotation":{"x":-0.0012717745266854764,"y":-0.9834417700767517,"z":0.18140605092048646,"w":-0.006160534452646971},"size":17.721960067749025,"orthographic":false}