{"cameraMode":{"drawMode":0,"name":"Shaded","section":"Shading Mode"},"sceneLighting":true,"audioPlay":false,"sceneViewState":{"showFog":true,"showMaterialUpdate":false,"showSkybox":true,"showFlares":true,"showImageEffects":true,"showParticleSystems":true},"in2DMode":false,"pivot":{"x":1.5307029485702515,"y":-11.437570571899414,"z":8.595794677734375},"rotation":{"x":0.3608029782772064,"y":0.20250196754932404,"z":-0.08040957897901535,"w":0.9069082736968994},"size":15.6758451461792,"orthographic":false}