{"cameraMode":{"drawMode":0,"name":"Shaded","section":"Shading Mode"},"sceneLighting":true,"audioPlay":false,"sceneViewState":{"showFog":true,"showMaterialUpdate":false,"showSkybox":true,"showFlares":true,"showImageEffects":true,"showParticleSystems":true},"in2DMode":false,"pivot":{"x":-2.145026206970215,"y":1.3212714195251465,"z":2.730555534362793},"rotation":{"x":-0.0035852559376507999,"y":0.9963931441307068,"z":-0.06316569447517395,"w":-0.056555308401584628},"size":8.652326583862305,"orthographic":false}